{
  "project_info": {
    "project_number": "204159752083",
    "firebase_url": "https://my-shaksham-baab5.firebaseio.com",
    "project_id": "my-shaksham-baab5",
    "storage_bucket": "my-shaksham-baab5.appspot.com"
  },
  "client": [
    {
      "client_info": {
        "mobilesdk_app_id": "1:204159752083:android:c991ba81a17f2c83523a66",
        "android_client_info": {
          "package_name": "com.example.login_minimalist"
        }
      },
      "oauth_client": [
        {
          "client_id": "204159752083-k3j9unl80pns0i9hq3p2tpubbabfj5n3.apps.googleusercontent.com",
          "client_type": 1,
          "android_info": {
            "package_name": "com.example.login_minimalist",
            "certificate_hash": "f83aa81dbfd3b5f25a1c7a9cec926a6152a5d560"
          }
        },
        {
          "client_id": "204159752083-c5lpk8gr4j28r5g96dfsd023e68odqq8.apps.googleusercontent.com",
          "client_type": 3
        }
      ],
      "api_key": [
        {
          "current_key": "AIzaSyCuAeV95AULC__4wvS0Xbgr8rHGgTx13tQ"
        }
      ],
      "services": {
        "appinvite_service": {
          "other_platform_oauth_client": [
            {
              "client_id": "204159752083-c5lpk8gr4j28r5g96dfsd023e68odqq8.apps.googleusercontent.com",
              "client_type": 3
            }
          ]
        }
      }
    }
  ],
  "configuration_version": "1"
}